{
    "__class__": "KnowledgeBase",
    "name": "exp1_test.json",
    "id": 1,
    "KB": {
        "0": {
            "__class__": "Explanation",
            "names": [
                1,
                0,
                6,
                0,
                2,
                4
            ],
            "feature": [
                2,
                3,
                0,
                5,
                1,
                6
            ],
            "precision": [
                0.3497813866333542,
                0.5621818181818182,
                0.7372549019607844,
                0.8353552859618717,
                0.9090909090909091,
                0.9544159544159544
            ],
            "coverage": [
                0.1623,
                0.0829,
                0.0495,
                0.0438,
                0.0256,
                0.0235
            ],
            "prediction": 1,
            "user_defined": false
        },
        "1": {
            "__class__": "Explanation",
            "names": [
                1,
                1
            ],
            "feature": [
                3,
                4
            ],
            "precision": [
                0.8919786096256684,
                0.9858657243816255
            ],
            "coverage": [
                0.3126,
                0.0865
            ],
            "prediction": 0,
            "user_defined": false
        }
    }
}