{
    "__class__": "KnowledgeBase",
    "name": "exp1.json",
    "id": 19,
    "KB": {
        "0": {
            "__class__": "Explanation",
            "names": [
                4,
                5,
                3
            ],
            "feature": [
                2,
                0,
                10
            ],
            "precision": [
                0.8710691823899371,
                0.9352112676056338,
                0.9790575916230366
            ],
            "coverage": [
                0.5402,
                0.0877,
                0.0484
            ],
            "prediction": 0,
            "user_defined": false
        },
        "1": {
            "__class__": "Explanation",
            "names": [
                1,
                0,
                7
            ],
            "feature": [
                2,
                5,
                4
            ],
            "precision": [
                0.32417829806393517,
                0.697986577181208,
                0.9556962025316456
            ],
            "coverage": [
                0.1661,
                0.075,
                0.0219
            ],
            "prediction": 1,
            "user_defined": false
        },
        "2": {
            "__class__": "Explanation",
            "names": [
                6,
                1
            ],
            "feature": [
                4,
                3
            ],
            "precision": [
                0.9230769230769231,
                0.9940476190476191
            ],
            "coverage": [
                0.1104,
                0.0556
            ],
            "prediction": 0,
            "user_defined": false
        },
        "3": {
            "__class__": "Explanation",
            "names": [
                4,
                2,
                1
            ],
            "feature": [
                2,
                8,
                4
            ],
            "precision": [
                0.8982826948480845,
                0.9429824561403509,
                0.979253112033195
            ],
            "coverage": [
                0.5462,
                0.5077,
                0.2074
            ],
            "prediction": 0,
            "user_defined": false
        },
        "4": {
            "__class__": "Explanation",
            "names": [
                1,
                0,
                6,
                0,
                1,
                5,
                5,
                2,
                9
            ],
            "feature": [
                2,
                5,
                10,
                3,
                7,
                4,
                0,
                1,
                11
            ],
            "precision": [
                0.3586896168795114,
                0.6374622356495468,
                0.7852760736196319,
                0.9114391143911439,
                0.7097186700767263,
                0.7740667976424361,
                0.8802816901408451,
                0.9478672985781991,
                1.0
            ],
            "coverage": [
                0.1701,
                0.0774,
                0.0248,
                0.0248,
                0.0248,
                0.0063,
                0.0029,
                0.0022,
                0.0022
            ],
            "prediction": 1,
            "user_defined": false
        },
        "5": {
            "__class__": "Explanation",
            "names": [
                0,
                7
            ],
            "feature": [
                8,
                4
            ],
            "precision": [
                0.8668146503884573,
                1.0
            ],
            "coverage": [
                0.0314,
                0.0091
            ],
            "prediction": 1,
            "user_defined": false
        },
        "6": {
            "__class__": "Explanation",
            "names": [
                3,
                2
            ],
            "feature": [
                2,
                8
            ],
            "precision": [
                0.9227053140096618,
                0.9572192513368984
            ],
            "coverage": [
                0.133,
                0.1272
            ],
            "prediction": 0,
            "user_defined": false
        },
        "7": {
            "__class__": "Explanation",
            "names": [
                4,
                2,
                2,
                5
            ],
            "feature": [
                1,
                8,
                9,
                0
            ],
            "precision": [
                0.8574969021065675,
                0.8896457765667575,
                0.9089595375722543,
                0.983739837398374
            ],
            "coverage": [
                0.0845,
                0.0751,
                0.0707,
                0.0096
            ],
            "prediction": 0,
            "user_defined": false
        },
        "8": {
            "__class__": "Explanation",
            "names": [
                1,
                1
            ],
            "feature": [
                3,
                4
            ],
            "precision": [
                0.9308755760368663,
                0.9868421052631579
            ],
            "coverage": [
                0.3123,
                0.0859
            ],
            "prediction": 0,
            "user_defined": false
        },
        "9": {
            "__class__": "Explanation",
            "names": [
                3,
                1
            ],
            "feature": [
                2,
                4
            ],
            "precision": [
                0.9346246973365617,
                0.9855072463768116
            ],
            "coverage": [
                0.1222,
                0.0665
            ],
            "prediction": 0,
            "user_defined": false
        },
        "10": {
            "__class__": "Explanation",
            "names": [
                5,
                0,
                0,
                4,
                6,
                1
            ],
            "feature": [
                2,
                3,
                5,
                4,
                10,
                7
            ],
            "precision": [
                0.34285714285714286,
                0.5477031802120141,
                0.6699288256227758,
                0.8663967611336032,
                0.9239766081871345,
                0.9741379310344828
            ],
            "coverage": [
                0.0552,
                0.0311,
                0.0274,
                0.011,
                0.0036,
                0.0036
            ],
            "prediction": 1,
            "user_defined": false
        },
        "11": {
            "__class__": "Explanation",
            "names": [
                4,
                2
            ],
            "feature": [
                2,
                3
            ],
            "precision": [
                0.8865497076023392,
                0.9893048128342246
            ],
            "coverage": [
                0.5446,
                0.1105
            ],
            "prediction": 0,
            "user_defined": false
        },
        "12": {
            "__class__": "Explanation",
            "names": [
                1,
                4
            ],
            "feature": [
                4,
                2
            ],
            "precision": [
                0.8814713896457765,
                0.9651741293532339
            ],
            "coverage": [
                0.3199,
                0.2154
            ],
            "prediction": 0,
            "user_defined": false
        },
        "13": {
            "__class__": "Explanation",