{
    "__class__": "KnowledgeBase",
    "name": "exp4_test.json",
    "id": 9,
    "KB": {
        "0": {
            "__class__": "Explanation",
            "names": [
                1,
                0,
                6,
                0,
                1,
                2,
                4,
                9,
                3
            ],
            "feature": [
                2,
                3,
                0,
                5,
                7,
                1,
                6,
                11,
                10
            ],
            "precision": [
                0.3214880621876735,
                0.6221786064769381,
                0.7811501597444089,
                0.732463295269168,
                0.7805128205128206,
                0.8375394321766562,
                0.8912655971479501,
                0.9220532319391636,
                0.9598393574297188
            ],
            "coverage": [
                0.164,
                0.0832,
                0.0499,
                0.0456,
                0.0456,
                0.03,
                0.0276,
                0.0265,
                0.0111
            ],
            "prediction": 1,
            "user_defined": false
        },
        "1": {
            "__class__": "Explanation",
            "names": [
                3,
                1
            ],
            "feature": [
                0,
                3
            ],
            "precision": [
                0.9151873767258383,
                0.9829545454545454
            ],
            "coverage": [
                0.0658,
                0.0444
            ],
            "prediction": 0,
            "user_defined": false
        },
        "2": {
            "__class__": "Explanation",
            "names": [
                3,
                4
            ],
            "feature": [
                0,
                2
            ],
            "precision": [
                0.9301745635910225,
                0.9858490566037735
            ],
            "coverage": [
                0.0685,
                0.0386
            ],
            "prediction": 0,
            "user_defined": false
        },
        "3": {
            "__class__": "Explanation",
            "names": [
                0,
                1
            ],
            "feature": [
                0,
                4
            ],
            "precision": [
                0.91015625,
                0.9895287958115183
            ],
            "coverage": [
                0.0853,
                0.0262
            ],
            "prediction": 0,
            "user_defined": false
        },
        "4": {
            "__class__": "Explanation",
            "names": [
                1,
                4
            ],
            "feature": [
                3,
                2
            ],
            "precision": [
                0.9135338345864662,
                0.9766666666666667
            ],
            "coverage": [
                0.3202,
                0.1823
            ],
            "prediction": 0,
            "user_defined": false
        },
        "5": {
            "__class__": "Explanation",
            "names": [
                3,
                6
            ],
            "feature": [
                2,
                4
            ],
            "precision": [
                0.9415584415584416,
                0.9852941176470589
            ],
            "coverage": [
                0.1267,
                0.0314
            ],
            "prediction": 0,
            "user_defined": false
        },
        "6": {
            "__class__": "Explanation",
            "names": [
                0,
                3
            ],
            "feature": [
                4,
                5
            ],
            "precision": [
                0.8783783783783784,
                1.0
            ],
            "coverage": [
                0.1244,
                0.0254
            ],
            "prediction": 0,
            "user_defined": false
        },
        "7": {
            "__class__": "Explanation",
            "names": [
                1,
                4
            ],
            "feature": [
                3,
                2
            ],
            "precision": [
                0.9187145557655955,
                0.9862542955326461
            ],
            "coverage": [
                0.3154,
                0.1756
            ],
            "prediction": 0,
            "user_defined": false
        },
        "8": {
            "__class__": "Explanation",
            "names": [
                5,
                0,
                6,
                0,
                2
            ],
            "feature": [
                2,
                3,
                0,
                5,
                4
            ],
            "precision": [
                0.34382808595702147,
                0.5901639344262295,
                0.6779261586802828,
                0.7974806201550387,
                0.9601990049751243
            ],
            "coverage": [
                0.0563,
                0.0319,
                0.025,
                0.0222,
                0.0
            ],
            "prediction": 1,
            "user_defined": false
        },
        "9": {
            "__class__": "Explanation",
            "names": [
                3,
                1
            ],
            "feature": [
                0,
                4
            ],
            "precision": [
                0.9191176470588235,
                0.9695121951219512
            ],
            "coverage": [
                0.0685,
                0.0204
            ],
            "prediction": 0,
            "user_defined": false
        }
    }
}