{
    "__class__": "KnowledgeBase",
    "name": "exp4.json",
    "id": 9,
    "KB": {
        "0": {
            "__class__": "Explanation",
            "names": [
                4,
                5
            ],
            "feature": [
                2,
                0
            ],
            "precision": [
                0.8726415094339622,
                0.9527272727272728
            ],
            "coverage": [
                0.5451,
                0.0928
            ],
            "prediction": 0,
            "user_defined": false
        },
        "1": {
            "__class__": "Explanation",
            "names": [
                1,
                7,
                0,
                6
            ],
            "feature": [
                2,
                4,
                5,
                0
            ],
            "precision": [
                0.329700272479564,
                0.4727021423635107,
                0.9124203821656051,
                0.9782082324455206
            ],
            "coverage": [
                0.1759,
                0.0484,
                0.0255,
                0.0163
            ],
            "prediction": 1,
            "user_defined": false
        },
        "2": {
            "__class__": "Explanation",
            "names": [
                1,
                3
            ],
            "feature": [
                3,
                5
            ],
            "precision": [
                0.9328703703703703,
                1.0
            ],
            "coverage": [
                0.321,
                0.1269
            ],
            "prediction": 0,
            "user_defined": false
        },
        "3": {
            "__class__": "Explanation",
            "names": [
                1,
                4,
                2
            ],
            "feature": [
                4,
                2,
                8
            ],
            "precision": [
                0.8647194465795542,
                0.9496402877697842,
                0.9877112135176651
            ],
            "coverage": [
                0.3259,
                0.2161,
                0.1985
            ],
            "prediction": 0,
            "user_defined": false
        },
        "4": {
            "__class__": "Explanation",
            "names": [
                1,
                0,
                0,
                6,
                1,
                5,
                5,
                2,
                9
            ],
            "feature": [
                2,
                5,
                3,
                10,
                7,
                4,
                0,
                1,
                11
            ],
            "precision": [
                0.3331746787244169,
                0.6862068965517242,
                0.6040816326530613,
                0.7142857142857143,
                0.6934739617666447,
                0.770012706480305,
                0.8369230769230769,
                0.9321533923303835,
                1.0
            ],
            "coverage": [
                0.1643,
                0.0775,
                0.0775,
                0.0267,
                0.0267,
                0.0058,
                0.0019,
                0.0012,
                0.0012
            ],
            "prediction": 1,
            "user_defined": false
        },
        "5": {
            "__class__": "Explanation",
            "names": [
                0,
                0
            ],
            "feature": [
                8,
                5
            ],
            "precision": [
                0.867109634551495,
                1.0
            ],
            "coverage": [
                0.0338,
                0.0193
            ],
            "prediction": 1,
            "user_defined": false
        },
        "6": {
            "__class__": "Explanation",
            "names": [
                3
            ],
            "feature": [
                2
            ],
            "precision": [
                0.958139534883721
            ],
            "coverage": [
                0.1309
            ],
            "prediction": 0,
            "user_defined": false
        },
        "7": {
            "__class__": "Explanation",
            "names": [
                4,
                2,
                2,
                5,
                5
            ],
            "feature": [
                1,
                8,
                9,
                4,
                0
            ],
            "precision": [
                0.8575293056807936,
                0.8906560636182903,
                0.9107142857142857,
                0.9316770186335404,
                0.9565217391304348
            ],
            "coverage": [
                0.0888,
                0.0772,
                0.0731,
                0.0122,
                0.0017
            ],
            "prediction": 0,
            "user_defined": false
        },
        "8": {
            "__class__": "Explanation",
            "names": [
                3,
                3
            ],
            "feature": [
                2,
                5
            ],
            "precision": [
                0.9433962264150944,
                0.9932432432432432
            ],
            "coverage": [
                0.1303,
                0.0271
            ],
            "prediction": 0,
            "user_defined": false
        },
        "9": {
            "__class__": "Explanation",
            "names": [
                3,
                0
            ],
            "feature": [
                2,
                10
            ],
            "precision": [
                0.923828125,
                0.9782608695652174
            ],
            "coverage": [
                0.1277,
                0.0331
            ],
            "prediction": 0,
            "user_defined": false
        }
    }
}