{
    "__class__": "KnowledgeBase",
    "name": "exp_sim_test.json",
    "id": 1,
    "KB": {
        "0": {
            "__class__": "Explanation",
            "names": [
                3,
                2
            ],
            "feature": [
                2,
                3
            ],
            "precision": [
                0.9468599033816425,
                0.976878612716763
            ],
            "coverage": [
                0.1322,
                0.0222
            ],
            "prediction": 0,
            "user_defined": false
        },
        "1": {
            "__class__": "Explanation",
            "names": [
                1,
                0,
                6,
                0,
                1,
                2,
                4,
                3,
                9
            ],
            "feature": [
                2,
                5,
                0,
                3,
                7,
                1,
                6,
                10,
                11
            ],
            "precision": [
                0.3265111851499286,
                0.6841491841491841,
                0.8365019011406845,
                0.7495126705653021,
                0.7993079584775087,
                0.8418367346938775,
                0.8782771535580525,
                0.9327731092436975,
                0.9857142857142858
            ],
            "coverage": [
                0.1762,
                0.0799,
                0.0492,
                0.0492,
                0.0492,
                0.0294,
                0.0268,
                0.0125,
                0.0118
            ],
            "prediction": 1,
            "user_defined": false
        }
    }
}