{
    "__class__": "KnowledgeBase",
    "name": "exp_sim_test.json",
    "id": 9,
    "KB": {
        "0": {
            "__class__": "Explanation",
            "names": [
                1,
                0,
                6,
                0,
                1,
                2,
                4,
                3,
                9
            ],
            "feature": [
                2,
                5,
                0,
                3,
                7,
                1,
                6,
                10,
                11
            ],
            "precision": [
                0.3265111851499286,
                0.6841491841491841,
                0.8365019011406845,
                0.7495126705653021,
                0.7993079584775087,
                0.8418367346938775,
                0.8782771535580525,
                0.9327731092436975,
                0.9857142857142858
            ],
            "coverage": [
                0.1762,
                0.0799,
                0.0492,
                0.0492,
                0.0492,
                0.0294,
                0.0268,
                0.0125,
                0.0118
            ],
            "prediction": 1,
            "user_defined": false
        },
        "1": {
            "__class__": "Explanation",
            "names": [
                4,
                1
            ],
            "feature": [
                5,
                3
            ],
            "precision": [
                0.8927392739273927,
                0.9901477832512315
            ],
            "coverage": [
                0.1003,
                0.0276
            ],
            "prediction": 0,
            "user_defined": false
        },
        "2": {
            "__class__": "Explanation",
            "names": [
                4,
                3
            ],
            "feature": [
                2,
                0
            ],
            "precision": [
                0.8949771689497716,
                0.9595375722543352
            ],
            "coverage": [
                0.5443,
                0.0346
            ],
            "prediction": 0,
            "user_defined": false
        },
        "3": {
            "__class__": "Explanation",
            "names": [
                0
            ],
            "feature": [
                0
            ],
            "precision": [
                0.9534883720930233
            ],
            "coverage": [
                0.0857
            ],
            "prediction": 0,
            "user_defined": false
        },
        "4": {
            "__class__": "Explanation",
            "names": [
                1,
                4
            ],
            "feature": [
                3,
                2
            ],
            "precision": [
                0.9043887147335423,
                0.9797752808988764
            ],
            "coverage": [
                0.3185,
                0.1805
            ],
            "prediction": 0,
            "user_defined": false
        },
        "5": {
            "__class__": "Explanation",
            "names": [
                3,
                2
            ],
            "feature": [
                2,
                10
            ],
            "precision": [
                0.9391727493917275,
                0.9695652173913043
            ],
            "coverage": [
                0.1314,
                0.0113
            ],
            "prediction": 0,
            "user_defined": false
        },
        "6": {
            "__class__": "Explanation",
            "names": [
                2,
                0
            ],
            "feature": [
                3,
                7
            ],
            "precision": [
                0.8985024958402662,
                0.9754901960784313
            ],
            "coverage": [
                0.1859,
                0.1084
            ],
            "prediction": 0,
            "user_defined": false
        },
        "7": {
            "__class__": "Explanation",
            "names": [
                1,
                0
            ],
            "feature": [
                3,
                7
            ],
            "precision": [
                0.9397590361445783,
                0.991304347826087
            ],
            "coverage": [
                0.3139,
                0.1386
            ],
            "prediction": 0,
            "user_defined": false
        },
        "8": {
            "__class__": "Explanation",
            "names": [
                5,
                0,
                0,
                6,
                2
            ],
            "feature": [
                2,
                3,
                5,
                0,
                4
            ],
            "precision": [
                0.3310430980637102,
                0.5827868852459016,
                0.6520681265206812,
                0.8068627450980392,
                0.9800995024875622
            ],
            "coverage": [
                0.0607,
                0.0382,
                0.0329,
                0.0252,
                0.0
            ],
            "prediction": 1,
            "user_defined": false
        },
        "9": {
            "__class__": "Explanation",
            "names": [
                1,
                3
            ],
            "feature": [
                4,
                0
            ],
            "precision": [
                0.8879023307436182,
                0.9727891156462585
            ],
            "coverage": [
                0.33,
                0.0199
            ],
            "prediction": 0,
            "user_defined": false
        }
    }
}