{
    "__class__": "KnowledgeBase",
    "name": "kb1.json",
    "id": 1,
    "KB": {
        "0": {
            "__class__": "Explanation",
            "names": [
                4,
                4,
                2
            ],
            "feature": [
                2,
                0,
                8
            ],
            "precision": [
                0.885143570536829,
                0.972972972972973,
                0.9857142857142858
            ],
            "coverage": [
                0.5491,
                0.0271,
                0.0256
            ],
            "prediction": 0,
            "user_defined": false
        },
        "1": {
            "__class__": "Explanation",
            "names": [
                6,
                4,
                2
            ],
            "feature": [
                4,
                2,
                8
            ],
            "precision": [
                0.9031620553359684,
                0.9708994708994709,
                1.0
            ],
            "coverage": [
                0.112,
                0.0682,
                0.0641
            ],
            "prediction": 0,
            "user_defined": false
        }
    }
}